{"stats":{"minecraft:picked_up":{"minecraft:birch_log":2,"born_in_chaos_v1:corpse_maggot":1,"minecraft:crafting_table":1,"minecraft:leather":2,"minecraft:oak_log":16,"minecraft:dirt":11,"minecraft:coal":10,"minecraft:cobblestone":33},"minecraft:crafted":{"minecraft:oak_planks":64,"minecraft:crafting_table":1,"minecraft:stick":8,"minecraft:wooden_pickaxe":1,"minecraft:stone_pickaxe":1,"minecraft:furnace":1,"minecraft:birch_planks":8,"minecraft:stone_axe":1,"minecraft:air":0,"minecraft:cooked_mutton":3},"minecraft:custom":{"minecraft:time_since_rest":17328,"minecraft:interact_with_furnace":3,"minecraft:sprint_one_cm":18547,"minecraft:damage_taken":182,"minecraft:walk_one_cm":66731,"minecraft:mob_kills":5,"minecraft:damage_dealt":466,"minecraft:interact_with_crafting_table":23,"minecraft:fly_one_cm":23355,"minecraft:crouch_one_cm":381,"minecraft:play_time":17328,"minecraft:sneak_time":156,"minecraft:jump":439,"minecraft:time_since_death":17328,"minecraft:total_world_time":17328,"minecraft:fall_one_cm":9387},"minecraft:mined":{"minecraft:birch_log":2,"minecraft:powder_snow":20,"minecraft:crafting_table":1,"minecraft:grass":3,"minecraft:coal_ore":10,"minecraft:oak_log":16,"minecraft:dirt":11,"minecraft:stone":33,"minecraft:oak_leaves":1},"minecraft:killed":{"minecraft:donkey":2,"born_in_chaos_v1:corpse_fly":2,"born_in_chaos_v1:maggot":1},"minecraft:used":{"born_in_chaos_v1:corpse_maggot":1,"minecraft:stone_pickaxe":27,"minecraft:wooden_pickaxe":16,"minecraft:stone_axe":50,"minecraft:crafting_table":2,"minecraft:furnace":1}},"DataVersion":3465}