{"stats":{"minecraft:picked_up":{"born_in_chaos_v1:corpse_maggot":1,"minecraft:oak_log":7},"minecraft:crafted":{"minecraft:crafting_table":1,"minecraft:oak_planks":28},"minecraft:custom":{"minecraft:jump":91,"minecraft:time_since_rest":5328,"minecraft:crouch_one_cm":335,"minecraft:damage_dealt":36,"minecraft:sprint_one_cm":6946,"minecraft:play_time":5328,"minecraft:damage_taken":121,"minecraft:time_since_death":5328,"minecraft:walk_one_cm":8751,"minecraft:sneak_time":128,"minecraft:total_world_time":5328,"minecraft:mob_kills":1,"minecraft:fall_one_cm":2037,"minecraft:fly_one_cm":7441},"minecraft:mined":{"minecraft:grass":1,"minecraft:oak_log":7},"minecraft:killed":{"born_in_chaos_v1:maggot":1}},"DataVersion":3465}