{"stats":{"minecraft:picked_up":{"minecraft:birch_log":6,"minecraft:leather":3,"minecraft:oak_log":7,"minecraft:dirt":14,"minecraft:wheat_seeds":1,"minecraft:beef":2,"minecraft:light_gray_wool":1,"minecraft:oak_sapling":1,"minecraft:birch_sapling":1,"minecraft:mutton":7,"minecraft:white_wool":4,"minecraft:cobblestone":16},"minecraft:crafted":{"minecraft:oak_planks":8,"minecraft:crafting_table":1,"minecraft:stick":8,"minecraft:wooden_pickaxe":1,"minecraft:stone_pickaxe":1,"minecraft:birch_planks":24,"minecraft:stone_axe":1,"minecraft:air":0,"minecraft:cooked_mutton":3},"minecraft:custom":{"minecraft:time_since_rest":2877,"minecraft:interact_with_furnace":7,"minecraft:sprint_one_cm":19213,"minecraft:damage_taken":630,"minecraft:walk_one_cm":44948,"minecraft:mob_kills":7,"minecraft:drop":1,"minecraft:damage_dealt":766,"minecraft:interact_with_crafting_table":4,"minecraft:fly_one_cm":40867,"minecraft:crouch_one_cm":6335,"minecraft:play_time":23991,"minecraft:deaths":1,"minecraft:sneak_time":2217,"minecraft:walk_under_water_one_cm":803,"minecraft:jump":469,"minecraft:leave_game":4,"minecraft:walk_on_water_one_cm":707,"minecraft:time_since_death":3718,"minecraft:total_world_time":23991,"minecraft:fall_one_cm":11900},"minecraft:mined":{"minecraft:birch_log":6,"minecraft:powder_snow":2,"minecraft:grass":2,"minecraft:grass_block":3,"minecraft:oak_log":7,"minecraft:dirt":11,"minecraft:stone":17,"minecraft:oak_leaves":6},"minecraft:killed":{"minecraft:sheep":5,"minecraft:cow":1,"born_in_chaos_v1:maggot":1},"minecraft:dropped":{"minecraft:wooden_pickaxe":1},"minecraft:used":{"minecraft:cooked_mutton":1,"minecraft:stone_pickaxe":10,"minecraft:wooden_pickaxe":12,"minecraft:stone_axe":26,"minecraft:beef":1,"minecraft:crafting_table":1,"tombstone:gift":1}},"DataVersion":3465}