{"stats":{"minecraft:picked_up":{"minecraft:oak_sapling":1,"minecraft:dirt":2},"minecraft:custom":{"minecraft:jump":115,"minecraft:time_since_rest":11991,"minecraft:damage_dealt":68,"minecraft:crouch_one_cm":2322,"minecraft:leave_game":4,"minecraft:play_time":11991,"minecraft:sprint_one_cm":3293,"minecraft:damage_taken":240,"minecraft:time_since_death":11991,"minecraft:walk_one_cm":12698,"minecraft:sneak_time":482,"minecraft:total_world_time":11991,"minecraft:mob_kills":1,"minecraft:fall_one_cm":3492,"minecraft:fly_one_cm":5775},"minecraft:mined":{"minecraft:grass_block":2,"minecraft:oak_leaves":5},"minecraft:killed":{"born_in_chaos_v1:maggot":1}},"DataVersion":3465}