{"stats":{"minecraft:picked_up":{"minecraft:crafting_table":1,"minecraft:oak_log":6,"minecraft:dirt":1,"minecraft:cobblestone":6},"minecraft:crafted":{"minecraft:oak_planks":24,"minecraft:crafting_table":1,"minecraft:stick":4,"minecraft:stone_pickaxe":1,"minecraft:wooden_pickaxe":1},"minecraft:custom":{"minecraft:time_since_rest":3893,"minecraft:sprint_one_cm":6748,"minecraft:play_time":3893,"minecraft:damage_taken":30,"minecraft:walk_one_cm":9494,"minecraft:sneak_time":1,"minecraft:drop":1,"minecraft:jump":44,"minecraft:damage_dealt":105,"minecraft:leave_game":1,"minecraft:time_since_death":3893,"minecraft:total_world_time":3893,"minecraft:interact_with_crafting_table":2,"minecraft:fall_one_cm":269,"minecraft:fly_one_cm":5662},"minecraft:mined":{"minecraft:grass":1,"minecraft:grass_block":1,"minecraft:oak_log":6,"minecraft:stone":6,"minecraft:oak_leaves":1,"minecraft:crafting_table":1},"minecraft:dropped":{"alexsmobs:animal_dictionary":1},"minecraft:used":{"minecraft:dirt":1,"minecraft:crafting_table":2,"alexsmobs:animal_dictionary":1,"minecraft:wooden_pickaxe":7}},"DataVersion":3465}