{"stats":{"minecraft:picked_up":{"born_in_chaos_v1:corpse_maggot":9,"minecraft:crafting_table":2,"minecraft:glow_ink_sac":5,"minecraft:oak_log":24,"minecraft:cherry_log":2,"minecraft:dirt":1,"minecraft:bone":2,"minecraft:arrow":2,"minecraft:rotten_flesh":16,"minecraft:rabbit_hide":1,"minecraft:iron_ingot":2,"minecraft:rabbit":2,"born_in_chaos_v1:rotten_fish":1,"minecraft:coal":21,"minecraft:mangrove_log":1,"minecraft:cobblestone":24,"minecraft:furnace":1},"minecraft:crafted":{"minecraft:oak_planks":24,"minecraft:crafting_table":1,"minecraft:stick":8,"minecraft:wooden_pickaxe":1,"minecraft:stone_pickaxe":1,"minecraft:stone_sword":1,"minecraft:furnace":1,"minecraft:stone_axe":1,"minecraft:cooked_rabbit":2,"minecraft:air":0},"minecraft:custom":{"minecraft:time_since_rest":15893,"minecraft:interact_with_furnace":4,"minecraft:sprint_one_cm":42592,"minecraft:damage_taken":642,"minecraft:walk_one_cm":36336,"minecraft:mob_kills":16,"minecraft:drop":4,"minecraft:damage_dealt":3157,"minecraft:swim_one_cm":4692,"minecraft:interact_with_crafting_table":4,"minecraft:fly_one_cm":43390,"minecraft:crouch_one_cm":1849,"minecraft:play_time":15893,"tombstone:undead_killed":5,"minecraft:sneak_time":940,"minecraft:walk_under_water_one_cm":6627,"minecraft:jump":300,"minecraft:damage_dealt_resisted":20,"minecraft:walk_on_water_one_cm":7025,"minecraft:leave_game":1,"minecraft:time_since_death":15893,"minecraft:total_world_time":15893,"minecraft:fall_one_cm":9074},"minecraft:mined":{"minecraft:furnace":1,"minecraft:crafting_table":2,"minecraft:grass":5,"minecraft:oak_log":21,"minecraft:grass_block":1,"minecraft:coal_ore":11,"minecraft:cobblestone":3,"minecraft:stone":19,"minecraft:sculk":19,"minecraft:oak_leaves":1},"minecraft:killed":{"minecraft:skeleton":1,"minecraft:zombie":1,"born_in_chaos_v1:zombie_lumberjack":1,"born_in_chaos_v1:corpse_fly":6,"minecraft:rabbit":2,"born_in_chaos_v1:corpse_fish":1,"born_in_chaos_v1:zombie_bruiser":2,"born_in_chaos_v1:maggot":2},"minecraft:dropped":{"minecraft:glow_ink_sac":5,"alexsmobs:animal_dictionary":1,"minecraft:rotten_flesh":5,"minecraft:wooden_pickaxe":1},"minecraft:used":{"minecraft:oak_log":4,"born_in_chaos_v1:corpse_maggot":7,"minecraft:stone_sword":90,"minecraft:stone_pickaxe":28,"minecraft:wooden_pickaxe":7,"minecraft:rotten_flesh":11,"minecraft:stone_axe":22,"minecraft:dirt":1,"minecraft:cobblestone":3,"born_in_chaos_v1:rotten_fish":1,"minecraft:crafting_table":2,"minecraft:furnace":1,"alexsmobs:animal_dictionary":1}},"DataVersion":3465}